يعمل فعلًا,نموذج تجريبي موسوم,لم يُنفَّذ
الوقت الفعلي افتراضيًا وحساب المواقيت على الجهاز بطريقة أم القرى,معاينات اختيارية بشارة «معاينة» وزر للعودة إلى الآن,اتصال يومي بجدول رسمي؛ مقارنة 6 أكتوبر الرسمية معلّقة
مشهد مدينة SVG بخمس حالات للسماء وحركة تراعي تقليل الحركة,,
الاكتشاف من وصف نصي؛ المحادثة مقيدة بالمصادر وتسترجع الجمل الجديدة لأسئلة المعنى والأثر,لا حجوزات أو تذاكر تجريبية في الواجهة,التعرف على الصور أو التسجيلات الصوتية
عرض 42 جملة باللغتين، منها 15 للمعنى بأبعاده الثلاثة، والمصادر مطوية تحت «للمزيد»,,تشغيل صوت الأذان
قارئ الأذان: 7 سطور و15 خطوة بالتكرارات المرفقة,,زيارة فعلية مع مرشد والحجز والدفع والتواصل مع مستضيف
رحلة من 5 جمل مختلفة ثم ختم تعلّم وحفظ التقدم محليًا,,الحسابات والمزامنة بين الأجهزة
«أبدِ اهتمامك» يحفظ بطاقة الحوار والاهتمام على الجهاز ويعيد فتح البطاقة,,إرسال الاهتمام لجهة خارجية أو قائمة انتظار على الخادم
أختام التعلّم بحركة هبوط ووميض ذهبي وتصدير صورة الجواز دون ختم الزيارة القديم,,نص «ماذا يعني هذا لي»: غير مرفق فبقي مخفيًا
دخول /judge مباشرة ورسالة خدمة واحدة عند فشل النموذج,,صور السماء العشر والصور السبع السابقة وقياس الواجهة بصريًا على ارتفاع 700 بكسل: تعطل التصوير
